{
	"IcoMoonType": "selection",
	"icons": [
		{
			"icon": {
				"paths": [
					"M800 128h-576c-53.020 0-96 42.98-96 96v32h768v-32c0-53.020-42.98-96-96-96zM632.32 64l14.116 101h-268.872l14.114-101h240.642M640 0h-256c-26.4 0-50.99 21.392-54.642 47.538l-18.714 133.924c-3.654 26.146 14.956 47.538 41.356 47.538h320c26.4 0 45.010-21.392 41.358-47.538l-18.714-133.924c-3.654-26.146-28.244-47.538-54.644-47.538v0zM816 320h-608c-35.2 0-61.392 28.682-58.206 63.738l52.412 576.526c3.186 35.054 34.594 63.736 69.794 63.736h480c35.2 0 66.608-28.682 69.794-63.736l52.41-576.526c3.188-35.056-23.004-63.738-58.204-63.738zM384 896h-96l-32-448h128v448zM576 896h-128v-448h128v448zM736 896h-96v-448h128l-32 448z"
				],
				"tags": [
					"remove",
					"delete",
					"trashcan",
					"recycle bin",
					"bin",
					"dispose"
				],
				"grid": 16
			},
			"properties": {
				"id": 168,
				"order": 1,
				"prevSize": 32,
				"code": 58880,
				"name": "remove"
			},
			"setIdx": 0,
			"iconIdx": 168
		}
	],
	"height": 1024,
	"metadata": {
		"name": "icomoon"
	},
	"preferences": {
		"fontPref": {
			"prefix": "icon-",
			"metadata": {
				"fontFamily": "icomoon"
			},
			"showGlyphs": true,
			"metrics": {
				"emSize": 1024,
				"baseline": 6.25,
				"whitespace": 50
			},
			"resetPoint": 58880,
			"showQuickUse": true,
			"quickUsageToken": false,
			"showMetrics": true,
			"showMetadata": false
		},
		"imagePref": {
			"color": 0,
			"height": 32,
			"columns": 16,
			"margin": 16,
			"png": false,
			"sprites": true
		},
		"historySize": 100,
		"showCodes": true,
		"gridSize": 16,
		"showLiga": false,
		"showGrid": true,
		"showGlyphs": true,
		"showQuickUse": true,
		"showQuickUse2": true,
		"showSVGs": true
	}
}